name,email,password,address1,city,state,postal_code,phone
Genia Watrous,rudy.312@yahoo.com,xcr666,1818 State Route 3,Fulton,NY,13069,171-048-1405
Ladawn Ates,dugi22@yahoo.com,AZIJxNnCvu,517 West Avalon Ave,Muscle Shoals,AL,35661,175-403-4543
Rosalia Rinaldo,mastersystem@hotmail.com,jUptM0ut6K,2780 John Hawkins Pkwy,Hoover,AL,35244,482-927-4317
Burma Deyoe,ihavox@gmail.com,WOPSajlLrq,374 William S Canning Blvd,Fall River,MA,2721,460-746-4389
Susie Seigler,hujda233@gmail.com,CvHkg6lyIP,150 Barnum Avenue Cutoff,Stratford,CT,6614,644-552-6878
Brooke Benjamin,sonnyneo@hotmail.com,iC2I8S8YT4,2300 Dixwell Ave,Hamden,CT,6514,860-786-1986
Jacquelyne Hibbler,milan@gmail.com,kerstin,101 South Beltline Highway,Mobile,AL,36606,307-212-0357
Milford Watchman,vasek123789@hotmail.com,samsung1,750 Middle Country Road,Middle Island,NY,11953,661-801-1039
Shaquana Emigh,pupdady@gmail.com,fighttodeath,165 Vaughan Ln,Pell City,AL,35125,292-979-1533
Trisha Tullius,ewelinn@hotmail.com,NmnieGENce,280 Washington Street,Hudson,MA,1749,896-561-2352
Nova Boden,mistr8@hotmail.com,palata,41301 US Hwy 280,Sylacauga,AL,35150,244-594-8150
Bebe Boddie,nikolaslivia@yahoo.com,petr199211,100 Thruway Plaza,Cheektowaga,NY,14225,245-692-0871
Venita Volpe,lalik2@gmail.com,solemio,34301 Hwy 43,Thomasville,AL,36784,148-692-7898
Kayleigh Cartier,hugonoha@gmail.com,cWJSKaZhPJ,300 Colony Place,Plymouth,MA,2360,855-710-6060
Codi Garrels,mison@yahoo.com,logitec,10710 Chantilly Pkwy,Montgomery,AL,36117,660-903-0514
Kraig Grove,adamgh@hotmail.com,135821,9248 Parkway East,Birmingham,AL,35206,228-086-3768
Merrilee Shook,adampitr.ur.k@yahoo.com,aaaa,780 Lynnway,Lynn,MA,1905,384-590-7931
Mellissa Mortimore,loerti@gmail.com,SIDshawn117,420 Buckland Hills Dr,Manchester,CT,6040,308-498-4458
Tameika Reinbold,momotaro@gmail.com,8811118426,214 Haynes Street,Talladega,AL,35160,000-495-1842
Halley Mccool,enwar@gmail.com,KuR83g2p7m,742 Main Street,North Oxford,MA,1537,478-139-3631
Heidi Abadie,jano05111985@gmail.com,_-*-_pato*,2453 2Nd Avenue East,Oneonta,AL,35121,176-481-4245
Haydee Dry,doleon@gmail.com,bJ56Ep866N,121 Worcester Rd,Framingham,MA,1701,118-085-5987
Dione Stupka,popz@gmail.com,Ingrid2004,3133 E Main St,Mohegan Lake,NY,10547,060-458-3414
Katherin Kampf,filiper16@gmail.com,eduardoo1,312 Palisades Blvd,Birmingham,AL,35209,172-509-4766
Neil Hammill,antalab@gmail.com,komunizmus,1501 Hwy 14 East,Selma,AL,36703,756-821-9819
Carmina Camp,januso@yahoo.com,slovensketorenty,72 Main St,North Reading,MA,1864,302-118-1880
Rodger Ruse,dariussq@yahoo.com,Fake1591,579 Troy-Schenectady Road,Latham,NY,12110,605-683-7944
Mica Biffle,vladis17@hotmail.com,patulovi1,2900 S Mem PkwyDrake Ave,Huntsville,AL,35801,315-344-3054
Molly Mckinzie,rudolfgabor@yahoo.com,kkookkoo,350 E Fairmount Ave,Lakewood,NY,14750,316-239-0941
Enola Volz,marek9259@yahoo.com,kostra251,301 Massachusetts Ave,Lunenburg,MA,1462,024-085-0653
Lissa Andrews,flegmy@gmail.com,PWqTJZMigp,5919 Trussville Crossings Pkwy,Birmingham,AL,35235,955-766-0312
Ricki Palazzo,ardisko@gmail.com,deninho,901 Route 110,Farmingdale,NY,11735,536-404-4730
Deeann Ashburn,marratton001@yahoo.com,D1596324781998,2055 Niagara Falls Blvd,Amherst,NY,14228,900-797-1062
Guillermo Feltz,luss20@yahoo.com,marko664,1011 US Hwy 72 East,Athens,AL,35611,733-349-5339
Adaline Dale,plucky@hotmail.com,poldo246,465 Bridgeport Avenue,Shelton,CT,6484,262-555-8733
Rocky Pridmore,maty211@hotmail.com,dubnican,340 East Meighan Blvd,Gadsden,AL,35903,129-034-4461
Horacio Lundy,leguan197@hotmail.com,13partik13,7100 Aaron Aronov Drive,Fairfield,AL,35064,929-470-5127
Richie Rames,cubalibre87@gmail.com,K/atusiatko25,20 Soojian Dr,Leicester,MA,1524,779-598-1102
Magnolia Hice,jutres@hotmail.com,ehd84m,626 Olive Street Sw,Cullman,AL,35055,133-778-8160
Andrea Saine,keleystas@yahoo.com,johncena1990,1706 Military Street South,Hamilton,AL,35570,793-807-7468
Deeann Thomsen,sododawe@hotmail.com,Shininka,4310 Montgomery Hwy,Dothan,AL,36303,685-067-5989
Kristan Bulfer,patricie.ng@gmail.com,3584291,6495 Atlanta Hwy,Montgomery,AL,36117,135-774-9978
Flora Plascencia,kutko44@hotmail.com,lenule123,80 Town Line Rd,Rocky Hill,CT,6067,997-302-2416
Dori Reasoner,zafira@yahoo.com,4fantasy,85 Crooked Hill Road,Commack,NY,11725,415-730-6140
Hettie Borel,severocech@hotmail.com,adeanka,685 Schillinger Rd,Mobile,AL,36695,052-333-2751
Sheilah Izaguirre,vlatkogh@hotmail.com,liduska,1501 Skyland Blvd E,Tuscaloosa,AL,35405,518-673-2473
Migdalia Killingsworth,potterkoo@yahoo.com,runing123,233 5th Ave Ext,Johnstown,NY,12095,649-520-4382
Brenda Thakkar,wiedemann@yahoo.com,RfqyVam8v2,3164 Berlin Turnpike,Newington,CT,6111,221-737-7378
Desire Klenke,jstr2@gmail.com,tomi152369,1415 7Th Street South,Clanton,AL,35045,904-190-0540
Valentina Ficklin,raawyeezus@gmail.com,picaskurvena,1972 Hwy 431,Boaz,AL,35957,283-813-5284
Katherin Antoine,martin.j@yahoo.com,arara,2800 Spring Avn SW,Decatur,AL,35603,642-459-8001
Lenita Slevin,machanm@yahoo.com,9802114311,1300 Montgomery Highway,Vestavia Hills,AL,35216,732-338-3207
Emilia Starns,vladkaf@hotmail.com,zaseheslo,600 Boll Weevil Circle,Enterprise,AL,36330,122-758-6852
Antonio Navarette,fuko1@yahoo.com,mnau,1095 Industrial Pkwy,Saraland,AL,36571,630-394-8323
Oleta Kwong,annahx@hotmail.com,Milacek241286,900 Boston Post Road,Guilford,CT,6437,099-661-8611
Adria Fulop,t.pac9999@yahoo.com,20010331,41 Anawana Lake Road,Monticello,NY,12701,733-141-3232
June Jolliff,matematik007@yahoo.com,ada0915478046,2200 South Mckenzie St,Foley,AL,36535,315-303-9938
Ron Laughridge,slash321@gmail.com,frikadeli12,200 Dutch Meadows Ln,Glenville,NY,12302,868-576-8805
Veda Vincelette,resqeu00@hotmail.com,linda007,333 Main Street,Tewksbury,MA,1876,086-445-9125
Giselle Lou,fastsvk@gmail.com,drtikol,67 Newton Rd,Danbury,CT,6810,760-694-2575
Hermelinda Payer,vavro@yahoo.com,wanted55,1608 W Magnolia Ave,Geneva,AL,36340,488-071-5194
Lily Wolter,s.b@gmail.com,ir8JlhiXSh,890 Odum Road,Gardendale,AL,35071,035-673-1152
Gale Martensen,8martin14@hotmail.com,z1huqpk11s,180 River Rd,Lisbon,CT,6351,466-810-3042
Kelvin Hooser,pukyno22@yahoo.com,0910114364ketka,7855 Moffett Rd,Semmes,AL,36575,967-675-0049
Yuki Shoaf,tornadox32@hotmail.com,589563521547,2400 Route 9,Fishkill,NY,12524,646-617-0121
Traci Rodriques,robbobinn@hotmail.com,hades42337,13675 Hwy 43,Russellville,AL,35653,463-147-8573
Adriene Grabert,zami@yahoo.com,krokous1,1365 Boston Post Road,Milford,CT,6460,184-117-5750
Micaela Lover,hatthor@hotmail.com,8510077125,10401 Bennett Road,Fredonia,NY,14063,884-721-6235
Bette Church,elbrai@gmail.com,732873419,1549 Rt 9,Halfmoon,NY,12065,910-085-4193
Hugo Flagler,lentilka1263@hotmail.com,Vena2008,555 Hubbard Ave-Suite 12,Pittsfield,MA,1201,843-825-1485
Joline Flannigan,kaceci@hotmail.com,jumbo301,1100 New Haven Road,Naugatuck,CT,6770,989-125-7249
Vinnie Bains,zoomczc@yahoo.com,marian harvan,235 Queen St,Southington,CT,6489,482-453-8423
Edda Cheng,mjuca@gmail.com,BvIeDHIJNe,1400 County Rd 64,Horseheads,NY,14845,020-197-9224
Larraine Lybrand,icelaglace@hotmail.com,android235,591 Memorial Dr,Chicopee,MA,1020,874-161-5276
Eliana Zych,jar215@hotmail.com,780712,8064 Brewerton Rd,Cicero,NY,13039,778-251-2973
Horacio Gilford,mkalman@gmail.com,golfbmw,680 Connecticut Avenue,Norwalk,CT,6854,342-313-0346
Deedee Hollenbach,miroslav24@yahoo.com,kohoutek,1717 South College Street,Auburn,AL,36830,035-704-6369
Garnett Calderone,vajsik@hotmail.com,milacek27,1916 Center Point Rd,Center Point,AL,35215,649-451-4681
Xavier Trotta,paris211111@yahoo.com,ahmedek6,25737 US Rt 11,Evans Mills,NY,13637,086-020-8257
Debi Kanagy,veronikak@hotmail.com,antikol,2643 Hwy 280 West,Alexander City,AL,35010,269-772-8328
Enid Bouley,mcfido@hotmail.com,vlastimil23,5245 Rangeline Service Rd,Mobile,AL,36619,537-172-3936
Venice Underhill,milyhous@hotmail.com,532499,1450 No Brindlee Mtn Pkwy,Arab,AL,35016,252-031-6981
Ayako Bichrest,lukingh@yahoo.com,mondeo2004,301 Falls Blvd,Quincy,MA,2169,314-299-4965
Griselda Toy,riko@hotmail.com,Janulienka1999,337 Russell St,Hadley,MA,1035,599-591-1188
Eleanore Para,pazuzu@gmail.com,cradle,1105 Boston Road,Springfield,MA,1119,253-850-2986
Elisa Vasquez,lucasso@yahoo.com,3813,555 East Main St,Orange,MA,1364,840-152-9539
Oswaldo Crosier,neqsi@yahoo.com,8ecaVNQWtz,250 Rt 59,Airmont,NY,10901,861-871-6565
Alesha Borey,wallve@hotmail.com,963258741,288 Larkin,Monroe,NY,10950,900-785-6861
Meaghan Majeed,saatan@gmail.com,skullko1996,650 Main Ave,Norwalk,CT,6851,721-855-5110
Elayne Shepherd,milda12345@hotmail.com,29910115,2900 Pepperrell Pkwy,Opelika,AL,36801,136-239-0821
Brittny Deschamp,vitamax@gmail.com,774206732,3191 County rd 10,Canandaigua,NY,14424,999-484-0478
Vannessa Turcios,zemekjiri@gmail.com,andp,11610 Memorial Pkwy South,Huntsville,AL,35803,390-598-7883
Pennie Alling,nazgrael@yahoo.com,1,2200 Sparkman Drive,Huntsville,AL,35810,839-328-4055
Brandon Authement,infernus1452@hotmail.com,LiverpoolFC,5360 Southwestern Blvd,Hamburg,NY,14075,775-967-4262
Leigha Towry,midnight@gmail.com,ouradka,3005 Cranberry Hwy Rt 6 28,Wareham,MA,2538,020-500-7529
Angelica Gonzalas,dejv01@hotmail.com,lofaska123,120 Commercial Parkway,Branford,CT,6405,469-260-4541
Veola Domenech,friconator@yahoo.com,Tf2pzyvMMr,701 Mcmeans Ave,Bay Minette,AL,36507,488-289-0719
Jolene Janes,danielsz@yahoo.com,mandala,1000 State Route 36,Hornell,NY,14843,432-966-6704
Suanne Nalls,janny7802@yahoo.com,uYI9kBbPlR,5560 Mcclellan Blvd,Anniston,AL,36206,980-740-9812
Etha Nelligan,navorka@gmail.com,Mayhemnorway,200 Otis Street,Northborough,MA,1532,799-761-5802
Fransisca Rand,janysl@yahoo.com,650466,1950 W Main St,Centre,AL,35960,698-793-6912
Carmine Cogdill,ivan01@hotmail.com,ppigroup,8650 Madison Blvd,Madison,AL,35758,787-377-0943
Aisha Waller,mkopacek@hotmail.com,samuel23,330 Sutton Rd,Huntsville,AL,35763,411-790-3934
Crista Seawood,rousik@hotmail.com,Obelix,777 Brockton Avenue,Abington,MA,2351,991-101-1422
Michelina Holscher,moly9941@yahoo.com,sakul.2494,250 Hartford Avenue,Bellingham,MA,2019,704-810-8929
Tamisha Steinert,martin1164@yahoo.com,angel,103 North Caroline St,Herkimer,NY,13350,984-200-8795
Russell Batres,do.do@gmail.com,morysek1,101 Sanford Farm Shpg Center,Amsterdam,NY,12010,898-524-8934
Nolan Harwell,genius09@gmail.com,miselka,255 W Main St,Avon,CT,6001,122-220-0356
Velva Bing,katza@hotmail.com,patrik1992,315 Foxon Blvd,New Haven,CT,6513,359-349-4779
Estefana Chi,jaosobne@yahoo.com,amigo512,973 Gilbert Ferry Road Se,Attalla,AL,35954,744-287-5809
Nicolas China,beeruska@yahoo.com,26355,3100 Hough Rd,Florence,AL,35630,460-225-0329
Chong Torgeson,fil@hotmail.com,sampon,3222 State Rt 11,Malone,NY,12953,068-557-3495
Katharina Kimes,cagika89@gmail.com,jedine123,4975 Transit Rd,Lancaster,NY,14086,913-717-7557
Rochel Boan,mickeeee@yahoo.com,VxuanKm0ru,10040 County Road 48,Fairhope,AL,36533,036-065-3478
Elizabet Bodine,prcko333@gmail.com,46115244,16077 Highway 280,Chelsea,AL,35043,177-041-1187
Sadie Hazelton,zuska46@yahoo.com,DJ5eo9LjAY,4765 Commercial Drive,New Hartford,NY,13413,633-969-3385
Lavada Ligon,miriama@gmail.com,GiGx38,100 Charlton Road,Sturbridge,MA,1566,914-399-2839
Bari Burkhardt,nephrix@yahoo.com,cMIzQKQfIW,540 West Bypass,Andalusia,AL,36420,396-130-7643
Houston Oller,bob111@hotmail.com,golem,872 Route 13,Cortlandville,NY,13045,067-249-0765
Nathan Mistretta,johny.b@gmail.com,ruzovazahrada,1470 S Washington St,North Attleboro,MA,2760,025-197-9671
Tisha Soderquist,diana444@gmail.com,SQ6eJbwwq8,474 Boston Post Road,North Windham,CT,6256,931-123-9151
Domenic Press,nattyi@gmail.com,GWx3Vj7zM8,1903 Cobbs Ford Rd,Prattville,AL,36066,741-697-8382
Hana Huddle,qdi950@gmail.com,mandragora,515 Sawmill Road,West Haven,CT,6516,966-905-5963
Selina Leffler,kommo@yahoo.com,France86,450 Highland Ave,Salem,MA,1970,100-345-0570
Josette Vavra,kleki@yahoo.com,80Obulo7,677 Timpany Blvd,Gardner,MA,1440,936-192-6252
Rupert Music,bundle13@hotmail.com,pyrokar,1420 Us 231 South,Troy,AL,36081,158-179-6064
Britteny Frierson,erik12345@gmail.com,klinec,1007 Red Farmer Drive,Hueytown,AL,35023,957-226-6463
Matha Pasco,katka28@gmail.com,POWER100,55 Brooksby Village Way,Danvers,MA,1923,393-197-0157
Booker Bowerman,jakubimrich@hotmail.com,drobek666,180 North King Street,Northhampton,MA,1060,657-500-5197
Carmelo Wain,milka123@hotmail.com,supero,750 Academy Drive,Bessemer,AL,35022,197-667-0526
Viki Perone,romano.25@gmail.com,SWTEo4NYsZ,66-4 Parkhurst Rd,Chelmsford,MA,1824,260-121-0183
Samella Shaughnessy,ipunks2@hotmail.com,E6UsZzF5As,655 Boston Post Rd,Old Saybrook,CT,6475,697-895-9881
Terrilyn Maly,patapom@gmail.com,8h2564gp3oau7,36 Paramount Drive,Raynham,MA,2767,609-389-5347
Angla Hartzler,lucie12345@hotmail.com,rokast007,5335 Hwy 280 South,Hoover,AL,35242,213-212-9742
Stacy Andrzejewski,lovecek@hotmail.com,mM1IFStL6u,279 Troy Road,East Greenbush,NY,12061,011-831-5760
Lakiesha Liston,bene.ovsk@yahoo.com,zxcvbnm,970 Torringford Street,Torrington,CT,6790,136-978-5622
Elias Polen,doom351@gmail.com,YCsiSuPEC6,690 Hwy 78,Sumiton,AL,35148,218-047-3456
Leida Armes,janvon@hotmail.com,5uMhr1UW7Z,11697 US Hwy 431,Guntersville,AL,35976,755-501-7643
Sharonda Reichel,rest111@yahoo.com,jakub.skerlec99127,4300 Lakeville Road,Geneseo,NY,14454,377-909-6359
Twyla Whitby,mcmuller@hotmail.com,O8gSv4xp8B,1201 Hwy 31 NW,Hartselle,AL,35640,101-526-4209
Retha Rojo,flyman85@hotmail.com,bart2424,6438 Basile Rowe,East Syracuse,NY,13057,389-986-4950
Jani Foulds,hajky2@yahoo.com,pulkas66,13858 Rt 31 W,Albion,NY,14411,351-434-3413
Marcell Bruce,magnum1010@gmail.com,zQrpANppBh,2041 Douglas Avenue,Brewton,AL,36426,884-129-7450
Stephania Fail,moro@yahoo.com,Oknaokna,352 Palmer Road,Ware,MA,1082,676-568-4173
Ed Genovese,wowpop@yahoo.com,heslo12345,625 School Street,Putnam,CT,6260,127-675-9129
Bulah Wark,balharino@hotmail.com,jakubo,506 State Road,North Dartmouth,MA,2747,236-177-9424
Cassandra Fike,bumbrlik@gmail.com,R8909138172m,501 Willow Lane,Greenville,AL,36037,067-195-4582
Kala Kopec,pckoff@hotmail.com,sktorrent555,2500 Dawes Road,Mobile,AL,36695,783-259-1950
Neoma Pellegrino,jarin1111@gmail.com,pumalejsn95123,2 Gannett Dr,Johnson City,NY,13790,537-362-9376
Krystin Morita,kikuska18@hotmail.com,octavia454,550 Providence Hwy,Walpole,MA,2081,706-702-5329
Yuonne Ruder,jurasic2@gmail.com,RhIOJjwzIs,6350 Cottage Hill Road,Mobile,AL,36609,543-519-4432
Leatha Barfoot,tragicgirl@gmail.com,0902076738,297 Grant Avenue,Auburn,NY,13021,525-768-9600
Shaniqua Pulido,palmout@hotmail.com,artur123,470 Route 211 East,Middletown,NY,10940,394-441-2711
Wenona Williamson,desp@gmail.com,gita101,42417 Hwy 195,Haleyville,AL,35565,296-437-2533
Ted Hartig,ruszinho@yahoo.com,9148,141 Washington Ave Extension,Albany,NY,12205,914-031-7094
Cedrick Agnew,ogig@hotmail.com,persia7,1600 Montclair Rd,Birmingham,AL,35210,700-728-3746
Hellen Kimberling,ivomaj@hotmail.com,lutatom,969 Us Hwy 80 West,Demopolis,AL,36732,326-039-7013
Queen Rayo,kingquest@gmail.com,sQqbo8wWwU,700 Oak Street,Brockton,MA,2301,139-647-9751
Santina Cybulski,dusandr@yahoo.com,smiech,656 New Haven Ave,Derby,CT,6418,345-720-7290
Layne Wetherell,benny666@gmail.com,thehammers,161 Centereach Mall,Centereach,NY,11720,712-814-1079
Louis Bullard,tomas55@gmail.com,panchartkova,2473 Hackworth Road,Adamsville,AL,35005,020-389-7857
Renato Carraway,janiictta@yahoo.com,rychlik,1537 Hwy 231 South,Ozark,AL,36360,390-749-3758
Samantha Hadfield,captain.marek7@gmail.com,beTbmmoX92,4538 Us Hwy 231,Wetumpka,AL,36092,649-643-0912
Chara Chadburn,kikusik56@yahoo.com,8g0mePhutY,4180 Us Hwy 431,Roanoke,AL,36274,782-432-5481
Weston Conard,skopino@gmail.com,marianka234,6265 Brockport Spencerport Rd,Brockport,NY,14420,352-562-3176
Rosalia Freeborn,zuzlinka23@yahoo.com,jenka1991,3176 South Eufaula Avenue,Eufaula,AL,36027,329-341-0590
Emilio Right,oo.padi@yahoo.com,jaroslavbuchta,135 Fairgrounds Memorial Pkwy,Ithaca,NY,14850,758-900-3332
Harmony Hofer,kibard@hotmail.com,Be1at2a3,1180 Fall River Avenue,Seekonk,MA,2771,676-998-3451
Laree Kay,peter66@gmail.com,renos,137 Teaticket Hwy,East Falmouth,MA,2536,756-620-8725
Monte Rounds,varvara@gmail.com,5lEpEepGAu,495 Flatbush Ave,Hartford,CT,6106,129-327-8542
Doris Diangelo,renat.hnidka@hotmail.com,darling11,200 Sunrise Mall,Massapequa,NY,11758,605-321-1280
Robbyn Diem,tussock@hotmail.com,jojko,601 Frank Stottile Blvd,Kingston,NY,12401,461-662-6020
Kaitlyn River,emce8@yahoo.com,montgomery,5710 Mcfarland Blvd,Northport,AL,35476,497-624-5819
Gillian Schimke,mimakrokodyl@hotmail.com,nelinka,2181 Pelham Pkwy,Pelham,AL,35124,529-725-9757
Yukiko Furtado,margla@yahoo.com,hanisek56,425 Route 31,Macedon,NY,14502,162-454-0070
Sue Seth,rosta33@gmail.com,matus14789,42 Fairhaven Commons Way,Fairhaven,MA,2719,787-298-3581
Ailene Eddleman,lucenzo200@yahoo.com,ARjhRKZH4f,295 Plymouth Street,Halifax,MA,2338,054-727-2807
Genevive Gately,kurochimenes@yahoo.com,12111990,139 Merchant Place,Cobleskill,NY,12043,938-664-2526
Aurelio Angles,krasny7@yahoo.com,adfadag,3371 S Alabama Ave,Monroeville,AL,36460,317-692-8865
Thea Piekarski,bobovicka@gmail.com,hektor123,155 Waterford Parkway No,Waterford,CT,6385,431-057-7522
Trina Tracey,robo288@gmail.com,potrubie,11 Jungle Road,Leominster,MA,1453,586-346-8753
Rachel Rink,kuresjjj@hotmail.com,jaBzajI0m1,3186 Hwy 171 North,Fayette,AL,35555,261-930-9087
Christiana Adcox,radte@yahoo.com,aBKi5kypg9,311 RT 9W,Glenmont,NY,12077,674-280-4011
Karena Knapp,ili@gmail.com,rafaela,851 Ann St,Montgomery,AL,36107,756-753-5468
Luna Gleaton,mdw101@yahoo.com,Ametyst123,630 Coonial Promenade Pkwy,Alabaster,AL,35007,269-880-6004
Natalya Bremer,guhelk@hotmail.com,3iTvE6WOvD,1801 Hwy 78 East,Jasper,AL,35501,348-887-2597
Hilary Garibaldi,tino250@gmail.com,29C50jGl7b,150 Springville Station Blvd,Springville,AL,35146,311-302-5858
Shanel Postma,hermes@gmail.com,28293031jk,2465 Hempstead Turnpike,East Meadow,NY,11554,762-280-4026
Tobie Teamer,didaktikmc@hotmail.com,2108196921081969,3018 East Ave,Central Square,NY,13036,562-573-0843
Carina Calico,mato1150@gmail.com,ytselemanvoh,150 Gold Star Hwy,Groton,CT,6340,476-974-3412
Myriam Roberie,martinek.3@yahoo.com,erikerik,5399 W Genesse St,Camillus,NY,13031,312-077-4075
Fabiola Virden,jocco@gmail.com,agbdlicd,145 Kelley Blvd,Millbrook,AL,36054,709-318-7107
Celestine Chadwell,peasy@gmail.com,mil4u,170 Fort Morgan Road,Gulf Shores,AL,36542,388-978-3556
America Tocci,kiska007@yahoo.com,73797379,1970 S University Blvd,Mobile,AL,36609,885-448-7900
Christiana Rippe,marianus333@yahoo.com,arizona1996,1625 Pelham South,Jacksonville,AL,36265,708-796-3338
Marina Ocon,karbi02@gmail.com,audi80,3501 20th Av,Valley,AL,36854,907-483-5084
Zoraida Zwilling,brmbolec23@hotmail.com,mojamata,15445 Highway 24,Moulton,AL,35650,465-215-9897
Demetria Mund,pistagolombus@yahoo.com,kuco891,2001 Glenn Bldv Sw,Fort Payne,AL,35968,534-798-3960
Rosetta Flagg,janbielak@yahoo.com,YQwBIH1Y9b,3949 Route 31,Clay,NY,13041,122-960-2039
Sylvester Verrett,jarmila27@hotmail.com,OihvR8BZU0,4133 Veterans Memorial Drive,Batavia,NY,14020,430-681-7328
Landon Abe,stocki@hotmail.com,474325,7155 State Rt 12 S,Lowville,NY,13367,677-754-2597
Vito Mackin,marcus22@hotmail.com,synekdusan123,830 Curran Memorial Hwy,North Adams,MA,1247,984-455-0955
Geraldine Border,sn.oop@yahoo.com,Gigabyte1,5033 Transit Road,Clarence,NY,14031,667-059-4067
Gayle Modica,feroman@yahoo.com,rabaka,3300 South Oates Street,Dothan,AL,36301,118-240-7924
Hai Lippert,tomek82@yahoo.com,formule1,1300 Gilmer Ave,Tallassee,AL,36078,198-154-6688
Chantel Absher,nasobi@gmail.com,chelsea,6140A Univ Drive,Huntsville,AL,35806,170-904-7482
Micheline Nosal,kvrdlic@gmail.com,602931836,8551 Whitfield Ave,Leeds,AL,35094,243-678-6662
Celina Carn,polikoly@hotmail.com,14mareqves11,844 No Colony Road,Wallingford,CT,6492,504-315-7831
Vivian Piermarini,pomarancovnik@yahoo.com,netreba,262 Swansea Mall Dr,Swansea,MA,2777,247-384-6861
Noe Mahler,kralis11@hotmail.com,tom12387,27520 Hwy 98,Daphne,AL,36526,777-891-8686
Yukiko Funderburg,alex926@gmail.com,888Kubo888,24833 Johnt Reidprkw,Scottsboro,AL,35768,603-598-4846
Cuc Phinney,luk.z@gmail.com,mGHgX49uYg,30 Memorial Drive,Avon,MA,2322,203-949-4292
Benton Duty,flywater@yahoo.com,vladobrajen,30 Catskill,Catskill,NY,12414,107-595-5482
Mana Seegmiller,paruza@yahoo.com,mazda323f,10675 Hwy 5,Brent,AL,35034,957-993-5445
Sook Varnell,devilkin2@yahoo.com,trpaslik123,910 Wolcott St,Waterbury,CT,6705,713-667-0922
Dena Gregoire,midgis@gmail.com,romaneta,5100 Hwy 31,Calera,AL,35040,189-954-7487
Sharron Stutes,pato935935@gmail.com,Jardovo tago,161 Berlin Road,Cromwell,CT,6416,200-314-5526
Marylouise Dorn,cenda@hotmail.com,tatra613,1201 Rt 300,Newburgh,NY,12550,002-499-8709
Londa Gamache,jozefrusinko@yahoo.com,nasratxx,164 Danbury Rd,New Milford,CT,6776,168-335-8516
Dong Davey,pista43@gmail.com,KVIETOCEK,5783 So Transit Road,Lockport,NY,14094,013-904-1643
Vivien Escalera,mira97mira88@gmail.com,26051986,3801 Eastern Blvd,Montgomery,AL,36116,955-237-7335
Kristen Gilley,riki132@gmail.com,0326154987,100 Elm Ridge Center Dr,Greece,NY,14626,302-021-8522
Whitley Leppert,dawexdd@hotmail.com,123123123123,3700 Hwy 280-431 N,Phenix City,AL,36867,422-128-4110
Terina Than,mercerius@hotmail.com,HEFSDNXFVw,92 Plaza Lane,Oxford,AL,36203,202-707-9440
Francoise Dudgeon,mrs.acu@gmail.com,dlouhan950sm,220 Salem Turnpike,Norwich,CT,6360,588-300-6149
Doug Mehr,cibe@gmail.com,Zuzka,2575 Us Hwy 43,Winfield,AL,35594,696-867-6520
Tobias Wronski,rellik263@yahoo.com,martinajirka1,70 Pleasant Valley Street,Methuen,MA,1844,616-260-7379
Alethia Tiemann,mike6@hotmail.com,veverka1978,4206 N College Ave,Jackson,AL,36545,878-546-2510
Hyman Fogarty,charlie86spoll@yahoo.com,gangxta,990 Route 5 20,Geneva,NY,14456,442-996-1050
Guadalupe Linen,lukas241@gmail.com,salama999,69 Prospect Hill Road,East Windsor,CT,6088,512-107-5800
Brooks Weitzel,palpal282@gmail.com,Pikomi04,1775 Washington St,Hanover,MA,2339,679-071-9840
Elke Licht,adam00@gmail.com,33556644,43 Stephenville St,Massena,NY,13662,403-016-0463
Sharri Yocum,kuna@gmail.com,smudla1988,209 Lakeshore Parkway,Homewood,AL,35209,147-922-3679
Theron Lemons,blek0ta@yahoo.com,kolemkul,1400 Farmington Ave,Bristol,CT,6010,676-830-9162
